Modifier Type,Modifier,Suggestion,Language,Region,Keyword
questions,are,average energy bill san diego,en,us,energy consumption san diego usa
questions,are,san diego energy sources,en,us,energy consumption san diego usa
questions,are,where does san diego electricity come from,en,us,energy consumption san diego usa
questions,are,san diego energy cost per kilowatt-hour,en,us,energy consumption san diego usa
questions,are,where does san diego get its energy,en,us,energy consumption san diego usa
questions,can,why is san diego electricity so expensive,en,us,energy consumption san diego usa
questions,can,how is electricity generated in san diego,en,us,energy consumption san diego usa
questions,can,san diego energy sources,en,us,energy consumption san diego usa
questions,can,average electric bill san diego 2021,en,us,energy consumption san diego usa
questions,how,how is electricity generated in san diego,en,us,energy consumption san diego usa
questions,how,average energy bill san diego,en,us,energy consumption san diego usa
questions,how,san diego energy cost per kilowatt-hour,en,us,energy consumption san diego usa
questions,what,what energy does california use,en,us,energy consumption san diego usa
questions,what,what energy does america use,en,us,energy consumption san diego usa
questions,what,what energy does the us use,en,us,energy consumption san diego usa
questions,what,what energy do we use,en,us,energy consumption san diego usa
questions,when,why is san diego electricity so expensive,en,us,energy consumption san diego usa
questions,when,where does san diego electricity come from,en,us,energy consumption san diego usa
questions,when,average energy bill san diego,en,us,energy consumption san diego usa
questions,when,when do sdge summer rates start,en,us,energy consumption san diego usa
questions,when,where does san diego get its energy,en,us,energy consumption san diego usa
questions,where,where does san diego electricity come from,en,us,energy consumption san diego usa
questions,where,where does san diego get its energy,en,us,energy consumption san diego usa
questions,where,where does san diego get its electricity,en,us,energy consumption san diego usa
questions,where,where does san diego get its power,en,us,energy consumption san diego usa
questions,which,which energy source is the united states using the least,en,us,energy consumption san diego usa
questions,which,which energy source is cheapest,en,us,energy consumption san diego usa
questions,which,which energy source is used the most,en,us,energy consumption san diego usa
questions,which,which energy source is the safest,en,us,energy consumption san diego usa
questions,who,energy san diego,en,us,energy consumption san diego usa
questions,who,what is san diego community power,en,us,energy consumption san diego usa
questions,why,why does the us consume so much energy,en,us,energy consumption san diego usa
questions,why,san diego energy sources,en,us,energy consumption san diego usa
questions,will,average energy bill san diego,en,us,energy consumption san diego usa
prepositions,can,energy consumption california,en,us,energy consumption san diego usa
prepositions,can,san diego energy sources,en,us,energy consumption san diego usa
prepositions,can,energy consumption united states,en,us,energy consumption san diego usa
prepositions,for,energy consumption california,en,us,energy consumption san diego usa
prepositions,for,san diego energy sources,en,us,energy consumption san diego usa
prepositions,for,energy consumption united states,en,us,energy consumption san diego usa
prepositions,is,where does san diego get its energy,en,us,energy consumption san diego usa
prepositions,is,where does san diego get its electricity,en,us,energy consumption san diego usa
prepositions,is,san diego energy sources,en,us,energy consumption san diego usa
prepositions,near,energy san diego,en,us,energy consumption san diego usa
prepositions,near,where does san diego get its energy,en,us,energy consumption san diego usa
prepositions,near,san diego energy sources,en,us,energy consumption san diego usa
prepositions,near,where does san diego get its electricity,en,us,energy consumption san diego usa
prepositions,near,where does san diego electricity come from,en,us,energy consumption san diego usa
prepositions,to,energy consumption in the united states,en,us,energy consumption san diego usa
prepositions,to,energy consumption by source us,en,us,energy consumption san diego usa
prepositions,to,energy consumption california,en,us,energy consumption san diego usa
prepositions,with,energy consumption united states,en,us,energy consumption san diego usa
prepositions,with,san diego energy sources,en,us,energy consumption san diego usa
prepositions,with,energy consumption us household,en,us,energy consumption san diego usa
prepositions,with,energy consumption california,en,us,energy consumption san diego usa
comparisons,and,energy consumption united states,en,us,energy consumption san diego usa
comparisons,and,san diego energy sources,en,us,energy consumption san diego usa
comparisons,and,energy consumption by source us,en,us,energy consumption san diego usa
comparisons,and,energy consumption california,en,us,energy consumption san diego usa
comparisons,like,energy companies in san diego,en,us,energy consumption san diego usa
comparisons,like,energy consumption california,en,us,energy consumption san diego usa
comparisons,like,san diego energy sources,en,us,energy consumption san diego usa
comparisons,like,where does san diego get its energy,en,us,energy consumption san diego usa
comparisons,like,where does san diego electricity come from,en,us,energy consumption san diego usa
comparisons,or,san diego energy sources,en,us,energy consumption san diego usa
comparisons,or,energy consumption california,en,us,energy consumption san diego usa
comparisons,or,energy consumption by source us,en,us,energy consumption san diego usa
comparisons,or,energy consumption united states,en,us,energy consumption san diego usa
comparisons,versus,energy consumption by source us,en,us,energy consumption san diego usa
comparisons,versus,energy consumption united states,en,us,energy consumption san diego usa
comparisons,versus,energy consumption california,en,us,energy consumption san diego usa
comparisons,vs,us energy consumption vs world,en,us,energy consumption san diego usa
comparisons,vs,energy consumption by source us,en,us,energy consumption san diego usa
comparisons,vs,energy consumption united states,en,us,energy consumption san diego usa
comparisons,vs,energy consumption vs gdp,en,us,energy consumption san diego usa
alphabeticals,a,energy consumption united states,en,us,energy consumption san diego usa
alphabeticals,a,energy consumption california,en,us,energy consumption san diego usa
alphabeticals,a,energy consumption by source us,en,us,energy consumption san diego usa
alphabeticals,a,san diego energy sources,en,us,energy consumption san diego usa
alphabeticals,b,energy consumption by source us,en,us,energy consumption san diego usa
alphabeticals,b,energy consumption by sector us,en,us,energy consumption san diego usa
alphabeticals,b,san diego energy sources,en,us,energy consumption san diego usa
alphabeticals,c,energy consumption california,en,us,energy consumption san diego usa
alphabeticals,c,san diego energy sources,en,us,energy consumption san diego usa
alphabeticals,c,energy consumption united states,en,us,energy consumption san diego usa
alphabeticals,d,san diego energy sources,en,us,energy consumption san diego usa
alphabeticals,d,energy consumption united states,en,us,energy consumption san diego usa
alphabeticals,d,energy consumption california,en,us,energy consumption san diego usa
alphabeticals,d,energy consumption by source us,en,us,energy consumption san diego usa
alphabeticals,e,energy san diego,en,us,energy consumption san diego usa
alphabeticals,e,san diego energy sources,en,us,energy consumption san diego usa
alphabeticals,e,energy consumption united states,en,us,energy consumption san diego usa
alphabeticals,e,energy consumption california,en,us,energy consumption san diego usa
alphabeticals,g,san diego energy sources,en,us,energy consumption san diego usa
alphabeticals,g,energy consumption california,en,us,energy consumption san diego usa
alphabeticals,g,energy consumption united states,en,us,energy consumption san diego usa
alphabeticals,g,energy consumption by source us,en,us,energy consumption san diego usa
alphabeticals,h,energy consumption us household,en,us,energy consumption san diego usa
alphabeticals,h,san diego energy sources,en,us,energy consumption san diego usa
alphabeticals,h,energy consumption united states,en,us,energy consumption san diego usa
alphabeticals,i,where does san diego get its energy,en,us,energy consumption san diego usa
alphabeticals,i,energy consumption california,en,us,energy consumption san diego usa
alphabeticals,i,energy consumption in us by source,en,us,energy consumption san diego usa
alphabeticals,j,energy san diego,en,us,energy consumption san diego usa
alphabeticals,j,energy consumption united states,en,us,energy consumption san diego usa
alphabeticals,j,energy consumption california,en,us,energy consumption san diego usa
alphabeticals,l,energy consumption california,en,us,energy consumption san diego usa
alphabeticals,l,san diego energy sources,en,us,energy consumption san diego usa
alphabeticals,l,energy companies in san diego,en,us,energy consumption san diego usa
alphabeticals,m,energy consumption united states,en,us,energy consumption san diego usa
alphabeticals,m,energy consumption by source us,en,us,energy consumption san diego usa
alphabeticals,m,san diego energy sources,en,us,energy consumption san diego usa
alphabeticals,n,energy consumption united states,en,us,energy consumption san diego usa
alphabeticals,n,energy consumption by source us,en,us,energy consumption san diego usa
alphabeticals,n,san diego energy sources,en,us,energy consumption san diego usa
alphabeticals,n,energy consumption california,en,us,energy consumption san diego usa
alphabeticals,o,energy consumption california,en,us,energy consumption san diego usa
alphabeticals,o,san diego energy sources,en,us,energy consumption san diego usa
alphabeticals,o,energy consumption united states,en,us,energy consumption san diego usa
alphabeticals,o,energy consumption by source us,en,us,energy consumption san diego usa
alphabeticals,p,san diego energy sources,en,us,energy consumption san diego usa
alphabeticals,p,energy consumption united states,en,us,energy consumption san diego usa
alphabeticals,p,energy consumption california,en,us,energy consumption san diego usa
alphabeticals,r,san diego energy sources,en,us,energy consumption san diego usa
alphabeticals,r,energy consumption by source us,en,us,energy consumption san diego usa
alphabeticals,r,energy consumption california,en,us,energy consumption san diego usa
alphabeticals,s,san diego energy sources,en,us,energy consumption san diego usa
alphabeticals,s,energy consumption by source us,en,us,energy consumption san diego usa
alphabeticals,s,energy consumption united states,en,us,energy consumption san diego usa
alphabeticals,s,energy consumption california,en,us,energy consumption san diego usa
alphabeticals,t,energy consumption united states,en,us,energy consumption san diego usa
alphabeticals,t,energy consumption in the us per year,en,us,energy consumption san diego usa
alphabeticals,t,energy consumption by source us,en,us,energy consumption san diego usa
alphabeticals,u,energy consumption united states,en,us,energy consumption san diego usa
alphabeticals,u,san diego energy sources,en,us,energy consumption san diego usa
alphabeticals,u,energy consumption california,en,us,energy consumption san diego usa
alphabeticals,u,energy consumption by source us,en,us,energy consumption san diego usa
alphabeticals,v,energy consumption by source us,en,us,energy consumption san diego usa
alphabeticals,v,san diego energy sources,en,us,energy consumption san diego usa
alphabeticals,v,energy consumption california,en,us,energy consumption san diego usa
alphabeticals,v,energy consumption united states,en,us,energy consumption san diego usa
alphabeticals,w,where does san diego get its energy,en,us,energy consumption san diego usa
alphabeticals,w,energy consumption united states,en,us,energy consumption san diego usa
alphabeticals,y,energy consumption united states,en,us,energy consumption san diego usa
alphabeticals,y,energy consumption by source us,en,us,energy consumption san diego usa
alphabeticals,y,energy consumption in the us per year,en,us,energy consumption san diego usa
alphabeticals,y,energy consumption california,en,us,energy consumption san diego usa
alphabeticals,z,energy consumption united states,en,us,energy consumption san diego usa
alphabeticals,z,energy companies in san diego,en,us,energy consumption san diego usa
alphabeticals,z,energy consumption by source us,en,us,energy consumption san diego usa
related,,san diego energy sources,en,us,energy consumption san diego usa
related,,energy consumption california,en,us,energy consumption san diego usa
related,,energy companies in san diego,en,us,energy consumption san diego usa
related,,san diego energy cost per kilowatt-hour,en,us,energy consumption san diego usa
related,,energy consumption by source us,en,us,energy consumption san diego usa
